UGC,Gini,e_Gini,M20,e_M20,C,e_C,A,e_A,S,e_S,Ell,e_Ell,GM,e_GM,Axy,e_Axy,Simbad,NED,_RA,_DE
00079,0.704,0.003,-0.58,0.01,16.984,0.165,2.0,0.0,0.106,0.004,0.567,0.002,0.78,0.002,1.414,0.0,Simbad,NED,2.26844,25.61862
00089,0.704,0.003,-1.111,0.032,20.173,0.319,1.633,0.07,0.106,0.004,0.567,0.003,0.827,0.002,1.392,0.009,Simbad,NED,2.47255,25.92374
00094,0.704,0.004,-1.228,0.035,21.117,0.251,1.915,0.028,0.106,0.006,0.567,0.002,0.854,0.001,1.405,0.005,Simbad,NED,2.60782,25.8318
00192,0.564,0.001,-1.685,0.02,9.807,0.185,1.291,0.008,0.304,0.001,0.254,0.001,0.598,0.002,1.265,0.005,Simbad,NED,5.0965,59.29297
00232,0.621,0.007,-1.601,0.169,6.984,0.431,1.08,0.291,0.124,0.009,0.083,0.017,0.354,0.009,1.364,0.024,Simbad,NED,6.16127,33.25614
00485,0.651,0.014,-1.457,0.18,8.58,1.141,1.464,0.115,0.308,0.011,0.299,0.017,0.498,0.007,1.414,0.025,Simbad,NED,11.78444,30.34087
00499,,,,,,,,,,,,,,,,,Simbad,NED,12.19632,31.95692
00508,0.521,0.003,-0.597,0.103,3.293,0.642,2.0,0.0,0.287,0.009,0.76,0.032,0.587,0.001,1.414,0.0,Simbad,NED,12.44914,32.27772
00528,0.542,0.005,-1.801,0.045,9.322,0.119,1.133,0.098,0.375,0.004,0.166,0.006,0.5,0.004,1.414,0.016,Simbad,NED,13.01792,47.55054
00608,0.537,0.006,-0.757,0.022,14.368,4.414,2.0,0.0,0.393,0.003,0.695,0.003,0.642,0.003,1.414,0.0,Simbad,NED,14.76025,48.01861
00622,0.537,0.006,-0.679,0.011,2.259,0.102,2.0,0.0,0.393,0.008,0.695,0.002,0.644,0.003,1.414,0.001,Simbad,NED,15.11717,47.99525
00623,0.721,0.005,-0.874,0.027,1.702,0.068,2.0,0.0,0.22,0.008,0.607,0.007,0.794,0.002,1.414,0.0,Simbad,NED,15.13547,30.79724
00624,0.721,0.004,-2.902,0.37,17.322,0.473,1.168,0.226,0.22,0.007,0.607,0.005,0.838,0.001,1.366,0.022,Simbad,NED,15.15171,30.66892
00625,0.537,0.006,-0.558,0.025,20.891,0.359,1.321,0.108,0.393,0.009,0.695,0.003,0.857,0.002,1.414,0.013,Simbad,NED,15.23097,47.68198
00655,0.477,0.006,-1.238,0.026,6.266,0.117,1.004,0.176,0.357,0.007,0.154,0.007,0.429,0.004,1.414,0.019,Simbad,NED,16.00625,41.84181
00690,0.477,0.016,-1.275,0.131,6.466,0.349,0.968,0.214,0.372,0.023,0.273,0.018,0.464,0.014,1.33,0.04,Simbad,NED,16.88645,39.40012
00718,0.431,0.001,-0.779,0.01,7.489,0.043,1.042,0.012,0.277,0.001,0.043,0.001,0.57,0.001,0.854,0.005,Simbad,NED,17.36258,35.71797
00731,0.537,0.005,-1.053,0.024,6.0,0.133,0.789,0.205,0.205,0.003,0.413,0.005,0.459,0.006,1.379,0.018,Simbad,NED,17.68333,49.60219
00798,0.521,0.004,-0.697,0.185,0.224,0.127,2.0,0.0,0.164,0.017,0.144,0.231,0.521,0.001,1.414,0.0,Simbad,NED,18.79922,30.19487
01013,0.541,0.009,-0.98,0.091,6.614,0.282,1.999,0.011,0.358,0.016,0.463,0.015,0.526,0.01,1.414,0.004,Simbad,NED,21.59072,34.703
01178,0.604,0.014,-1.336,0.117,8.325,0.466,1.336,0.091,0.311,0.014,0.382,0.017,0.473,0.01,1.35,0.033,Simbad,NED,25.11654,34.62534
01249,0.61,0.002,-0.932,0.014,9.766,0.171,1.242,0.098,0.171,0.003,0.489,0.006,0.663,0.001,1.401,0.006,Simbad,NED,26.87454,27.33335
01256,0.61,0.002,-0.934,0.017,9.803,0.065,1.588,0.11,0.171,0.004,0.489,0.005,0.631,0.002,1.414,0.005,Simbad,NED,26.97718,27.43278
01281,0.69,0.004,-1.369,0.032,8.384,0.323,0.79,0.289,0.149,0.004,0.703,0.002,0.587,0.004,1.414,0.016,Simbad,NED,27.38212,32.58783
01286,,,,,,,,,,,,,,,,,Simbad,NED,27.44703,21.97083
01305,,,,,,,,,,,,,,,,,Simbad,NED,27.67384,21.7599
01310,,,,,,,,,,,,,,,,,Simbad,NED,27.74372,21.99755
01313,,,,,,,,,,,,,,,,,Simbad,NED,27.78604,21.91244
01317,,,,,,,,,,,,,,,,,Simbad,NED,27.8232,22.35797
01437,0.519,0.008,-0.767,0.09,9.746,0.736,1.97,0.071,0.332,0.011,0.747,0.008,0.857,0.003,1.391,0.011,Simbad,NED,29.42578,35.91615
01501,0.707,0.004,-1.395,0.032,9.014,0.253,0.713,0.29,0.093,0.002,0.588,0.002,0.557,0.005,1.414,0.03,Simbad,NED,30.32055,28.83726
01541,0.729,0.005,-0.567,0.004,13.313,0.27,1.636,0.106,0.112,0.003,0.797,0.001,0.87,0.001,1.414,0.008,Simbad,NED,30.86708,38.11697
01550,0.729,0.005,-2.521,0.069,18.321,0.334,2.0,0.0,0.112,0.005,0.797,0.001,0.771,0.004,1.414,0.0,Simbad,NED,30.93687,38.25867
01633,0.569,0.007,-1.317,0.072,7.151,0.326,1.923,0.137,0.352,0.014,0.34,0.014,0.469,0.013,1.388,0.013,Simbad,NED,32.18546,38.77725
01810,0.527,0.01,-1.242,0.068,7.116,0.684,1.485,0.17,0.367,0.011,0.331,0.01,0.522,0.014,1.414,0.027,Simbad,NED,35.3696,39.37574
01856,0.666,0.007,-1.476,0.102,9.022,0.751,1.716,0.061,0.272,0.005,0.453,0.004,0.516,0.006,1.414,0.02,Simbad,NED,36.13162,31.61528
01886,0.502,0.008,-1.026,0.043,5.686,0.329,1.046,0.037,0.349,0.011,0.367,0.009,0.469,0.009,1.414,0.021,Simbad,NED,36.50207,39.47089
01913,0.628,0.002,-1.089,0.008,6.036,0.077,0.716,0.119,0.157,0.001,0.261,0.002,0.478,0.003,1.414,0.009,Simbad,NED,36.82047,33.57888
01993,0.549,0.016,-0.981,0.123,5.928,0.526,1.47,0.14,0.353,0.014,0.493,0.021,0.493,0.013,1.355,0.035,Simbad,NED,37.91688,39.37837
02023,0.573,0.004,-1.324,0.054,6.447,0.379,0.804,0.155,0.199,0.003,0.222,0.009,0.432,0.01,1.377,0.022,Simbad,NED,38.3255,33.49042
02034,0.502,0.005,-1.277,0.033,6.34,0.098,0.766,0.061,0.232,0.003,0.032,0.005,0.395,0.003,1.387,0.014,Simbad,NED,38.42883,40.52867
02045,0.735,0.006,-1.98,0.158,10.446,0.535,0.696,0.214,0.115,0.004,0.13,0.01,0.436,0.006,1.414,0.035,Simbad,NED,38.55577,29.31124
02053,0.626,0.004,-1.389,0.053,6.994,0.464,0.778,0.069,0.19,0.004,0.101,0.007,0.418,0.007,1.365,0.026,Simbad,NED,38.62212,29.74983
02065,0.646,0.008,-0.488,0.004,15.639,0.296,2.0,0.0,0.383,0.006,0.874,0.001,0.857,0.002,1.399,0.014,Simbad,NED,38.84379,37.48581
02069,0.646,0.007,-2.736,0.291,18.911,0.945,2.0,0.0,0.383,0.006,0.874,0.001,0.718,0.003,1.414,0.0,Simbad,NED,38.90575,37.63764
02080,0.446,0.002,-1.226,0.013,6.641,0.062,0.877,0.023,0.264,0.002,0.144,0.003,0.436,0.002,1.414,0.004,Simbad,NED,39.11596,38.96904
02082,0.666,0.005,-1.573,0.06,8.863,0.168,0.93,0.484,0.105,0.004,0.743,0.002,0.618,0.003,1.414,0.015,Simbad,NED,39.0673,25.42382
02141,0.679,0.006,-2.561,0.105,12.363,0.546,1.366,0.224,0.29,0.005,0.722,0.002,0.735,0.003,1.414,0.021,Simbad,NED,39.81235,30.15167
02154,0.483,0.003,-0.655,0.015,9.122,0.106,1.719,0.025,0.434,0.003,0.527,0.004,0.7,0.002,1.397,0.005,Simbad,NED,40.09958,39.06286
02183,0.667,0.008,-1.21,0.068,22.157,0.307,1.357,0.216,0.179,0.005,0.826,0.001,0.899,0.001,1.414,0.017,Simbad,NED,40.7012,28.57427
02193,0.447,0.003,-0.908,0.013,5.429,0.093,0.937,0.07,0.302,0.003,0.187,0.004,0.476,0.003,1.414,0.008,Simbad,NED,40.87524,37.3412
02455,0.678,0.002,-1.425,0.048,6.877,0.071,1.126,0.215,0.129,0.002,0.22,0.002,0.431,0.005,1.414,0.017,Simbad,NED,44.92849,25.24119
02459,0.564,0.007,-1.932,0.088,19.129,0.213,1.96,0.045,0.297,0.006,0.81,0.002,0.813,0.001,1.414,0.006,Simbad,NED,45.15327,49.04401
02487,0.506,0.004,-0.474,0.024,7.445,0.236,1.086,0.035,0.305,0.009,0.673,0.007,0.859,0.002,1.387,0.012,Simbad,NED,45.42649,35.20565
02491,,,,,,,,,,,,,,,,,Simbad,NED,45.47438,35.73316
02503,0.494,0.005,-1.127,0.028,6.495,0.09,1.369,0.068,0.454,0.007,0.329,0.009,0.503,0.004,1.414,0.011,Simbad,NED,45.89482,46.38632
02800,0.543,0.006,-1.131,0.035,6.264,0.15,1.892,0.051,0.457,0.008,0.403,0.006,0.493,0.004,1.399,0.009,Simbad,NED,55.01017,71.40585
02855,0.568,0.003,-1.31,0.062,12.648,0.211,1.704,0.095,0.388,0.006,0.619,0.003,0.691,0.004,1.397,0.009,Simbad,NED,57.08638,70.13288
02866,0.568,0.005,-0.707,0.01,9.038,0.129,1.989,0.004,0.388,0.004,0.619,0.003,0.653,0.002,1.414,0.001,Simbad,NED,57.562,70.0947
02916,0.639,0.006,-1.066,0.055,10.342,0.314,1.568,0.138,0.259,0.007,0.441,0.012,0.783,0.004,1.385,0.016,Simbad,NED,60.64098,71.70592
02941,0.709,0.004,-0.557,0.022,15.334,0.272,1.474,0.25,0.175,0.006,0.126,0.008,0.86,0.002,1.373,0.021,Simbad,NED,60.93325,22.15904
02942,0.709,0.007,-1.348,0.072,14.493,1.683,2.0,0.0,0.175,0.007,0.126,0.009,0.753,0.003,1.414,0.0,Simbad,NED,61.04031,22.13177
02943,0.709,0.007,-1.352,0.063,14.878,1.021,2.0,0.0,0.175,0.005,0.126,0.008,0.751,0.004,1.414,0.0,Simbad,NED,61.04571,22.12816
02953,,,,,,,,,,,,,,,,,Simbad,NED,61.94362,69.81256
03013,0.482,0.005,-1.125,0.033,6.365,0.106,1.24,0.039,0.491,0.008,0.129,0.008,0.478,0.004,1.414,0.013,Simbad,NED,65.86292,75.29557
03137,0.663,0.004,-1.663,0.032,9.94,0.173,1.189,0.218,0.291,0.003,0.798,0.001,0.597,0.003,1.414,0.019,Simbad,NED,71.57073,76.4189
03205,0.703,0.006,-2.317,0.053,7.604,0.449,0.955,0.156,0.199,0.006,0.808,0.005,0.862,0.002,1.414,0.024,Simbad,NED,74.06173,30.05219
03273,0.605,0.006,-1.385,0.067,8.114,0.229,0.755,0.099,0.236,0.006,0.663,0.002,0.525,0.003,1.378,0.016,Simbad,NED,79.43483,53.55135
03326,0.604,0.01,-1.118,0.082,7.198,0.741,0.974,0.244,0.446,0.013,0.375,0.017,0.549,0.007,1.414,0.025,Simbad,NED,84.90462,77.31247
03334,0.527,0.004,-1.449,0.151,8.324,0.492,1.364,0.075,0.426,0.004,0.84,0.003,0.88,0.003,1.414,0.014,Simbad,NED,85.5199,69.37838
03344,0.527,0.005,-0.703,0.007,0.874,0.008,1.94,0.028,0.426,0.007,0.84,0.003,0.575,0.004,1.4,0.009,Simbad,NED,86.23604,69.15928
03354,0.713,0.009,-3.083,0.074,10.137,0.503,1.2,0.431,0.325,0.009,0.866,0.003,0.923,0.001,1.343,0.036,Simbad,NED,86.82595,56.11238
03371,0.481,0.005,-1.04,0.015,5.364,0.135,1.707,0.212,0.345,0.006,0.32,0.004,0.442,0.006,1.39,0.013,Simbad,NED,89.14992,75.31719
03382,0.583,0.007,-0.488,0.044,8.335,0.287,2.0,0.0,0.319,0.01,0.751,0.005,0.863,0.002,1.414,0.001,Simbad,NED,89.9489,62.15795
03384,0.565,0.004,-1.496,0.075,11.147,0.335,1.71,0.134,0.297,0.004,0.691,0.003,0.79,0.002,1.39,0.011,Simbad,NED,90.40562,73.11667
03407,0.646,0.006,-0.697,0.087,0.714,0.273,2.0,0.0,0.317,0.016,0.542,0.186,0.648,0.001,1.414,0.0,Simbad,NED,92.28381,42.08514
03422,,,,,,,,,,,,,,,,,Simbad,NED,93.78409,71.13667
03426,0.701,0.004,-0.695,0.033,0.447,0.105,2.0,0.0,0.329,0.015,0.313,0.154,0.695,0.001,1.414,0.0,Simbad,NED,93.90191,71.03757
03546,0.645,0.014,-0.297,0.005,19.494,0.194,1.278,0.093,0.309,0.005,0.908,0.001,0.935,0.001,1.414,0.01,Simbad,NED,102.5361,60.84569
03574,0.474,0.005,-0.948,0.019,4.761,0.12,0.855,0.099,0.265,0.004,0.121,0.007,0.429,0.003,1.385,0.013,Simbad,NED,103.29357,57.17776
03580,0.554,0.007,-1.484,0.05,7.837,0.188,0.968,0.046,0.382,0.008,0.556,0.005,0.508,0.005,1.376,0.019,Simbad,NED,103.87864,69.563
03642,0.549,0.006,-0.752,0.045,5.97,0.19,0.937,0.103,0.248,0.007,0.298,0.011,0.822,0.004,1.414,0.012,Simbad,NED,106.0846,64.02035
03660,0.549,0.006,-0.699,0.004,0.698,0.011,1.871,0.025,0.248,0.005,0.298,0.014,0.565,0.003,1.41,0.002,Simbad,NED,106.64497,63.84888
03685,,,,,,,,,,,,,,,,,Simbad,NED,107.27481,61.59552
03698,0.601,0.004,-0.656,0.002,2.091,0.034,1.911,0.017,0.306,0.004,0.525,0.005,0.692,0.001,1.407,0.004,Simbad,NED,107.32812,44.38006
03711,0.623,0.004,-2.291,0.152,10.817,0.371,1.064,0.146,0.266,0.005,0.626,0.002,0.758,0.004,1.375,0.017,Simbad,NED,107.55658,44.45734
03734,0.529,0.005,-1.423,0.027,7.063,0.104,1.058,0.062,0.399,0.006,0.304,0.011,0.475,0.004,1.414,0.014,Simbad,NED,108.1196,47.16679
03740,0.59,0.004,-1.302,0.051,6.817,0.564,1.104,0.069,0.383,0.009,0.083,0.015,0.452,0.009,1.414,0.02,Simbad,NED,111.82292,85.75392
03759,0.566,0.007,-1.635,0.115,8.745,0.369,1.447,0.121,0.507,0.013,0.373,0.012,0.514,0.006,1.414,0.021,Simbad,NED,109.01703,64.71154
03817,0.589,0.005,-1.655,0.053,7.538,0.249,1.404,0.189,0.311,0.003,0.226,0.01,0.544,0.007,1.381,0.016,Simbad,NED,110.68533,45.10853
03826,0.463,0.006,-0.962,0.023,5.879,0.129,1.53,0.107,0.5,0.007,0.463,0.005,0.5,0.005,1.389,0.008,Simbad,NED,111.11624,61.69393
03851,,,,,,,,,,,,,,,,,Simbad,NED,112.21604,69.20864
03909,,,,,,,,,,,,,,,,,Simbad,NED,114.24496,73.71361
03966,0.593,0.005,-1.553,0.085,8.008,0.305,1.788,0.165,0.325,0.003,0.109,0.007,0.444,0.005,1.387,0.013,Simbad,NED,115.35817,40.11106
03965,0.635,0.004,-1.643,0.137,6.753,0.216,0.838,0.167,0.233,0.002,0.475,0.008,0.699,0.005,1.371,0.022,Simbad,NED,115.32534,34.23224
03992,0.567,0.006,-1.492,0.047,20.04,0.464,2.0,0.001,0.417,0.008,0.878,0.001,0.622,0.005,1.414,0.002,Simbad,NED,118.39502,84.61847
03993,0.567,0.006,-0.341,0.014,18.282,0.167,1.363,0.098,0.417,0.007,0.878,0.001,0.897,0.001,1.394,0.011,Simbad,NED,118.93328,84.92637
04036,0.517,0.007,-1.156,0.057,6.661,0.231,1.981,0.071,0.541,0.011,0.151,0.018,0.479,0.009,1.395,0.013,Simbad,NED,117.97822,73.01567
04165,0.512,0.007,-1.037,0.02,5.539,0.281,1.849,0.195,0.263,0.005,0.057,0.009,0.412,0.01,1.389,0.015,Simbad,NED,120.47177,50.7371
04173,0.519,0.006,-0.994,0.035,5.516,0.22,2.0,0.0,0.329,0.004,0.179,0.004,0.476,0.007,1.4,0.007,Simbad,NED,121.79187,80.12681
04256,0.642,0.006,-1.244,0.079,5.657,0.395,1.586,0.344,0.224,0.006,0.143,0.018,0.422,0.013,1.359,0.028,Simbad,NED,122.56332,33.95649
04274,0.683,0.005,-0.553,0.002,12.926,0.176,2.0,0.0,0.24,0.003,0.865,0.001,0.834,0.001,1.414,0.0,Simbad,NED,123.31101,45.98979
04273,0.493,0.006,-1.545,0.09,8.741,0.17,1.178,0.099,0.336,0.008,0.473,0.004,0.535,0.005,1.381,0.017,Simbad,NED,123.24148,36.25451
04278,0.683,0.005,-2.565,0.048,18.883,0.102,0.975,0.282,0.24,0.002,0.865,0.001,0.79,0.002,1.414,0.023,Simbad,NED,123.49487,45.74497
04284,0.518,0.004,-1.264,0.021,7.149,0.172,0.794,0.045,0.256,0.003,0.491,0.003,0.495,0.002,1.392,0.012,Simbad,NED,123.66697,49.06144
04305,0.529,0.002,-1.169,0.016,5.678,0.079,1.09,0.062,0.217,0.001,0.136,0.001,0.42,0.002,1.414,0.007,Simbad,NED,124.77074,70.72003
04325,0.536,0.004,-1.236,0.034,6.348,0.295,0.825,0.204,0.198,0.006,0.288,0.007,0.407,0.01,1.414,0.02,Simbad,NED,124.83158,50.00578
04458,0.604,0.004,-0.692,0.003,0.682,0.017,2.0,0.0,0.111,0.004,0.623,0.005,0.601,0.004,1.414,0.0,Simbad,NED,128.04706,22.56058
04483,0.605,0.006,-1.9,0.148,9.054,0.651,0.749,0.238,0.219,0.004,0.225,0.008,0.437,0.009,1.337,0.031,Simbad,NED,129.26371,69.77478
04499,0.536,0.006,-1.289,0.026,6.668,0.221,0.782,0.254,0.227,0.004,0.308,0.005,0.426,0.009,1.371,0.021,Simbad,NED,129.42325,51.65264
04543,0.63,0.003,-1.401,0.03,7.629,0.234,0.929,0.117,0.261,0.003,0.19,0.003,0.488,0.005,1.383,0.016,Simbad,NED,130.83979,45.73586
04605,0.594,0.005,-1.529,0.037,9.091,0.244,0.86,0.263,0.151,0.003,0.815,0.001,0.619,0.003,1.414,0.012,Simbad,NED,132.29947,60.22112
04637,,,,,,,,,,,,,,,,,Simbad,NED,133.90721,78.22308
04666,0.576,0.004,-0.682,0.041,0.464,0.126,2.0,0.0,0.206,0.012,0.714,0.116,0.596,0.001,1.414,0.0,Simbad,NED,133.89479,58.73441
04701,,,,,,,,,,,,,,,,,Simbad,NED,135.5042,78.27751
04806,0.627,0.004,-2.334,0.103,9.849,0.201,0.89,0.256,0.205,0.009,0.702,0.005,0.819,0.003,1.414,0.02,Simbad,NED,137.39009,33.12341
04838,0.495,0.006,-1.211,0.049,5.999,0.127,1.904,0.032,0.297,0.005,0.045,0.008,0.418,0.005,1.395,0.011,Simbad,NED,138.06055,44.95489
04862,0.583,0.005,-1.646,0.116,9.919,0.469,1.385,0.204,0.111,0.003,0.582,0.004,0.683,0.005,1.414,0.019,Simbad,NED,138.52133,40.1138
05060,0.61,0.006,-1.132,0.088,10.504,0.458,0.966,0.312,0.141,0.007,0.887,0.001,0.902,0.001,1.361,0.024,Simbad,NED,142.57062,29.53999
05079,0.544,0.002,-1.307,0.01,7.733,0.087,0.708,0.078,0.186,0.001,0.576,0.001,0.511,0.002,1.4,0.007,Simbad,NED,143.04213,21.50083
05251,0.628,0.004,-1.239,0.02,7.461,0.441,0.805,0.098,0.173,0.001,0.53,0.002,0.537,0.004,1.414,0.023,Simbad,NED,147.15021,33.42149
05253,0.455,0.004,-0.532,0.014,8.213,0.098,1.477,0.022,0.527,0.004,0.186,0.01,0.725,0.002,1.345,0.005,Simbad,NED,147.59264,72.27865
05272,0.7,0.005,-1.518,0.065,7.98,0.472,0.813,0.341,0.175,0.002,0.071,0.005,0.46,0.004,1.414,0.033,Simbad,NED,147.59337,31.48792
05316,,,,,,,,,,,,,,,,,Simbad,NED,148.9193,72.20357
05351,0.689,0.01,-0.692,0.051,0.239,0.09,2.0,0.0,0.221,0.047,0.377,0.113,0.694,0.001,1.414,0.0,Simbad,NED,149.58774,32.36999
05414,0.64,0.003,-1.309,0.163,7.005,0.414,0.903,0.224,0.206,0.003,0.245,0.005,0.448,0.004,1.414,0.023,Simbad,NED,150.98787,40.75597
05446,0.742,0.005,-0.525,0.007,16.456,0.324,2.0,0.0,0.172,0.005,0.868,0.001,0.859,0.001,1.414,0.0,Simbad,NED,151.62863,32.94638
05452,0.742,0.004,-2.068,0.136,19.084,0.529,1.361,0.309,0.172,0.004,0.868,0.001,0.852,0.002,1.414,0.018,Simbad,NED,151.7984,33.02787
05459,0.725,0.005,-1.44,0.044,8.528,0.32,1.456,0.479,0.186,0.003,0.695,0.002,0.608,0.006,1.414,0.016,Simbad,NED,152.04196,53.08348
05532,0.473,0.007,-1.129,0.04,6.259,0.124,1.962,0.03,0.506,0.01,0.075,0.023,0.476,0.007,1.414,0.008,Simbad,NED,154.22347,73.40065
05538,,,,,,,,,,,,,,,,,Simbad,NED,154.41615,74.34736
05556,0.53,0.008,-0.728,0.035,12.484,0.409,2.0,0.0,0.329,0.005,0.66,0.005,0.716,0.006,1.414,0.008,Simbad,NED,154.44937,21.87328
05582,,,,,,,,,,,,,,,,,Simbad,NED,155.45415,74.17689
05589,0.566,0.004,-0.459,0.018,19.51,0.236,1.361,0.106,0.29,0.003,0.864,0.001,0.884,0.001,1.414,0.015,Simbad,NED,155.44826,56.93041
05614,0.566,0.005,-0.84,0.017,18.165,0.489,2.0,0.0,0.29,0.003,0.864,0.001,0.666,0.003,1.414,0.0,Simbad,NED,155.93443,57.02711
05685,0.574,0.005,-1.127,0.041,6.935,0.21,0.801,0.073,0.23,0.008,0.54,0.007,0.511,0.006,1.384,0.016,Simbad,NED,157.33301,29.49144
05717,0.501,0.003,-1.296,0.031,6.956,0.128,1.1,0.065,0.38,0.004,0.346,0.003,0.49,0.005,1.414,0.014,Simbad,NED,158.14507,65.04105
05721,0.634,0.003,-1.847,0.063,8.847,0.141,0.628,0.085,0.14,0.003,0.509,0.001,0.473,0.002,1.371,0.018,Simbad,NED,158.072,27.66877
05786,0.571,0.003,-2.078,0.068,10.294,0.197,2.0,0.005,0.275,0.003,0.528,0.003,0.615,0.003,1.411,0.002,Simbad,NED,159.69107,53.5033
05789,0.584,0.003,-1.041,0.022,5.811,0.053,0.713,0.106,0.172,0.002,0.467,0.002,0.495,0.002,1.395,0.01,Simbad,NED,159.78972,41.68687
05829,0.565,0.003,-0.972,0.023,5.3,0.292,1.196,0.238,0.176,0.003,0.218,0.002,0.474,0.008,1.382,0.013,Simbad,NED,160.67592,34.44897
05840,0.497,0.002,-1.023,0.015,5.403,0.054,0.649,0.03,0.133,0.001,0.062,0.004,0.401,0.002,1.414,0.008,Simbad,NED,160.87979,24.92222
05846,0.547,0.005,-1.275,0.049,6.315,0.212,1.962,0.077,0.286,0.006,0.134,0.003,0.417,0.007,1.414,0.012,Simbad,NED,161.12558,60.36817
05906,0.622,0.007,-1.717,0.188,8.284,0.43,1.226,0.282,0.162,0.006,0.119,0.016,0.412,0.013,1.414,0.028,Simbad,NED,162.05065,28.60177
05909,0.519,0.006,-1.443,0.109,7.319,0.365,1.008,0.148,0.26,0.002,0.273,0.003,0.465,0.005,1.375,0.021,Simbad,NED,162.10344,34.71125
05918,0.545,0.005,-1.176,0.04,6.148,0.229,1.946,0.058,0.276,0.003,0.355,0.005,0.452,0.006,1.414,0.005,Simbad,NED,162.40333,65.53117
05927,0.617,0.005,-0.65,0.007,5.062,0.108,2.0,0.0,0.321,0.004,0.7,0.003,0.708,0.003,1.402,0.006,Simbad,NED,162.35411,32.7727
05935,0.617,0.005,-0.983,0.053,13.771,0.478,1.675,0.095,0.321,0.003,0.7,0.002,0.837,0.003,1.414,0.012,Simbad,NED,162.47969,32.99061
05960,0.768,0.007,-2.13,0.129,11.091,0.575,1.302,0.282,0.181,0.004,0.216,0.005,0.523,0.005,1.414,0.038,Simbad,NED,162.83629,32.76637
05982,0.768,0.007,-0.682,0.003,0.356,0.006,2.0,0.0,0.181,0.003,0.216,0.006,0.789,0.002,1.414,0.0,Simbad,NED,163.04756,32.95042
05986,0.694,0.004,-1.507,0.032,8.892,0.167,1.143,0.102,0.157,0.002,0.579,0.001,0.559,0.003,1.393,0.012,Simbad,NED,163.12972,36.61878
05997,0.577,0.004,-1.404,0.037,7.482,0.107,1.024,0.179,0.353,0.004,0.584,0.003,0.517,0.003,1.378,0.02,Simbad,NED,163.47855,73.69037
06001,0.705,0.007,-0.721,0.035,20.752,0.983,1.487,0.097,0.256,0.005,0.887,0.002,0.849,0.002,1.359,0.028,Simbad,NED,163.2839,33.91027
06016,0.549,0.007,-0.726,0.02,9.315,0.198,2.0,0.0,0.326,0.007,0.675,0.002,0.694,0.003,1.414,0.0,Simbad,NED,163.55317,54.28717
06024,0.549,0.007,-1.491,0.051,10.099,0.258,1.123,0.057,0.326,0.006,0.675,0.003,0.601,0.006,1.372,0.019,Simbad,NED,163.6635,54.30523
06118,0.638,0.005,-0.62,0.012,16.763,0.155,1.398,0.146,0.105,0.006,0.792,0.004,0.812,0.002,1.414,0.011,Simbad,NED,165.79663,27.97244
06126,0.733,0.004,-2.349,0.072,9.047,0.332,1.228,0.326,0.115,0.003,0.631,0.005,0.867,0.002,1.414,0.024,Simbad,NED,165.93065,28.88711
06128,0.638,0.005,-0.856,0.031,18.877,0.553,2.0,0.0,0.105,0.006,0.792,0.003,0.792,0.002,1.414,0.0,Simbad,NED,166.01245,28.03683
06161,0.588,0.004,-1.553,0.048,8.049,0.101,0.934,0.143,0.248,0.004,0.226,0.005,0.441,0.005,1.376,0.02,Simbad,NED,166.70483,43.72289
06225,0.599,0.004,-1.137,0.025,7.713,0.335,1.212,0.204,0.2,0.005,0.599,0.004,0.538,0.005,1.414,0.017,Simbad,NED,167.87903,55.67412
06251,0.548,0.005,-1.523,0.087,7.772,0.265,0.785,0.21,0.222,0.005,0.06,0.01,0.416,0.009,1.414,0.025,Simbad,NED,168.35871,53.59458
06263,0.497,0.008,-1.497,0.091,8.242,0.251,1.254,0.036,0.422,0.012,0.355,0.014,0.51,0.004,1.385,0.015,Simbad,NED,168.54575,48.31838
06283,0.656,0.003,-1.607,0.055,8.958,0.153,0.825,0.26,0.167,0.004,0.642,0.003,0.53,0.003,1.355,0.025,Simbad,NED,168.96658,41.59138
06446,0.541,0.003,-1.151,0.046,5.965,0.165,0.719,0.047,0.222,0.005,0.273,0.005,0.424,0.004,1.414,0.019,Simbad,NED,171.66896,53.74653
06456,0.647,0.012,-2.111,0.204,10.578,0.627,1.325,0.156,0.347,0.009,0.224,0.013,0.46,0.005,1.348,0.033,Simbad,NED,172.00179,78.994
06537,0.58,0.003,-1.22,0.026,6.583,0.121,0.926,0.207,0.252,0.003,0.496,0.003,0.497,0.002,1.414,0.012,Simbad,NED,173.33822,47.02909
06621,0.779,0.005,-0.688,0.002,0.178,0.003,2.0,0.0,0.112,0.008,0.66,0.004,0.782,0.003,1.414,0.0,Simbad,NED,174.92697,31.90936
06628,0.583,0.003,-1.1,0.021,5.213,0.159,1.464,0.04,0.182,0.005,0.167,0.006,0.42,0.006,1.378,0.018,Simbad,NED,175.02392,45.94228
06713,0.48,0.007,-1.199,0.046,6.492,0.163,1.021,0.067,0.366,0.009,0.025,0.009,0.444,0.006,1.414,0.022,Simbad,NED,176.10425,48.83525
06733,,,,,,,,,,,,,,,,,Simbad,NED,176.3975,55.88664
06742,0.63,0.01,-2.348,0.226,11.883,0.667,0.902,0.193,0.306,0.009,0.206,0.016,0.486,0.009,1.414,0.042,Simbad,NED,176.48597,50.19991
06778,0.577,0.004,-1.816,0.115,9.055,0.292,1.193,0.021,0.318,0.004,0.713,0.003,0.817,0.002,1.389,0.012,Simbad,NED,177.1592,48.71079
06786,0.688,0.004,-0.324,0.014,14.091,0.333,0.842,0.108,0.108,0.004,0.882,0.001,0.916,0.001,1.413,0.02,Simbad,NED,177.28931,27.02207
06787,0.548,0.004,-0.898,0.093,7.252,0.112,0.886,0.075,0.244,0.006,0.444,0.012,0.866,0.002,1.393,0.012,Simbad,NED,177.31404,56.08435
06791,0.688,0.005,-0.895,0.019,3.553,1.988,2.0,0.0,0.108,0.004,0.882,0.001,0.727,0.002,1.414,0.0,Simbad,NED,177.34854,26.74153
06797,0.577,0.004,-0.64,0.002,1.288,0.01,2.0,0.0,0.318,0.003,0.713,0.003,0.642,0.002,1.414,0.004,Simbad,NED,177.41873,48.42596
06813,0.511,0.006,-1.001,0.036,5.381,0.334,1.609,0.064,0.342,0.006,0.057,0.009,0.446,0.006,1.414,0.019,Simbad,NED,177.6622,55.35387
06815,0.613,0.002,-0.657,0.005,19.469,0.205,2.0,0.0,0.495,0.002,0.907,0.0,0.759,0.001,1.413,0.001,Simbad,NED,177.68953,51.82421
06816,,,,,,,,,,,,,,,,,Simbad,NED,177.69817,56.45558
06817,0.546,0.004,-1.569,0.036,7.867,0.264,0.92,0.033,0.227,0.001,0.238,0.002,0.434,0.003,1.414,0.014,Simbad,NED,177.72077,38.88081
06833,0.502,0.006,-1.063,0.023,5.63,0.077,0.72,0.143,0.212,0.005,0.335,0.004,0.43,0.008,1.379,0.018,Simbad,NED,177.94177,38.01513
06840,0.613,0.003,-0.626,0.001,1.235,0.026,1.757,0.034,0.495,0.001,0.907,0.0,0.712,0.001,1.409,0.002,Simbad,NED,178.02949,52.10794
06856,,,,,,,,,,,,,,,,,Simbad,NED,178.20605,44.12073
06869,,,,,,,,,,,,,,,,,Simbad,NED,178.42395,47.85878
06870,0.613,0.004,-0.674,0.009,20.185,0.184,2.0,0.0,0.495,0.001,0.907,0.0,0.854,0.0,1.414,0.002,Simbad,NED,178.45428,52.32654
06880,0.548,0.005,-0.639,0.007,2.119,0.062,2.0,0.0,0.414,0.01,0.564,0.007,0.656,0.002,1.396,0.009,Simbad,NED,178.64041,58.36702
06884,0.548,0.006,-1.617,0.133,7.392,0.179,1.407,0.141,0.414,0.006,0.564,0.007,0.68,0.004,1.414,0.016,Simbad,NED,178.74465,58.49345
06917,,,,,,,,,,,,,,,,,Simbad,NED,179.11989,50.42839
06921,0.565,0.008,-1.647,0.084,9.452,0.25,1.362,0.084,0.479,0.009,0.21,0.008,0.506,0.007,1.369,0.022,Simbad,NED,179.17545,48.33396
06923,,,,,,,,,,,,,,,,,Simbad,NED,179.20636,53.16034
06922,,,,,,,,,,,,,,,,,Simbad,NED,179.21787,50.81686
06930,0.497,0.004,-1.153,0.027,5.921,0.105,0.875,0.031,0.334,0.005,0.066,0.007,0.43,0.003,1.389,0.014,Simbad,NED,179.32248,49.28325
06937,,,,,,,,,,,,,,,,,Simbad,NED,179.39993,53.37452
06944,0.652,0.004,-1.181,0.023,11.243,0.585,1.423,0.113,0.207,0.003,0.278,0.004,0.655,0.003,1.386,0.016,Simbad,NED,179.43379,32.29416
06940,,,,,,,,,,,,,,,,,Simbad,NED,179.44904,53.23414
06956,,,,,,,,,,,,,,,,,Simbad,NED,179.60817,50.91761
06964,0.698,0.006,-1.402,0.051,9.291,0.532,1.042,0.144,0.284,0.007,0.52,0.004,0.554,0.005,1.368,0.02,Simbad,NED,179.6583,47.26131
06969,,,,,,,,,,,,,,,,,Simbad,NED,179.69854,53.4245
07030,0.557,0.006,-1.0,0.041,4.654,0.184,0.9,0.094,0.278,0.005,0.093,0.006,0.438,0.008,1.414,0.013,Simbad,NED,180.79036,44.53126
07047,0.639,0.004,-1.223,0.048,6.523,0.207,0.747,0.086,0.213,0.002,0.285,0.007,0.495,0.004,1.381,0.017,Simbad,NED,181.00937,52.58861
07075,0.622,0.003,-0.673,0.01,3.079,0.107,1.829,0.042,0.352,0.002,0.722,0.001,0.716,0.001,1.398,0.006,Simbad,NED,181.3446,50.35275
07081,0.622,0.003,-0.804,0.023,9.335,0.184,2.0,0.0,0.352,0.003,0.722,0.001,0.813,0.002,1.414,0.0,Simbad,NED,181.39245,50.53903
07089,0.68,0.006,-2.507,0.155,9.857,0.432,1.247,0.166,0.202,0.005,0.825,0.002,0.8,0.004,1.368,0.02,Simbad,NED,181.49158,43.14364
07090,0.618,0.005,-1.284,0.037,8.278,0.199,0.639,0.208,0.182,0.007,0.57,0.005,0.556,0.006,1.414,0.018,Simbad,NED,181.50484,47.47836
07095,0.543,0.006,-1.291,0.044,7.579,0.303,0.853,0.112,0.266,0.007,0.591,0.004,0.505,0.005,1.384,0.02,Simbad,NED,181.53584,49.58231
07094,0.68,0.005,-0.618,0.003,0.87,0.051,2.0,0.0,0.202,0.004,0.825,0.002,0.794,0.001,1.414,0.0,Simbad,NED,181.54489,42.95579
07125,0.664,0.003,-1.483,0.075,9.577,0.2,1.034,0.267,0.138,0.003,0.709,0.002,0.594,0.005,1.414,0.029,Simbad,NED,182.17297,36.8023
07151,0.677,0.004,-1.247,0.041,7.737,0.158,0.985,0.394,0.144,0.002,0.518,0.004,0.566,0.003,1.358,0.025,Simbad,NED,182.49417,46.45718
07154,,,,,,,,,,,,,,,,,Simbad,NED,182.50635,39.88386
07166,0.452,0.003,-0.955,0.019,5.207,0.092,0.96,0.086,0.211,0.003,0.086,0.004,0.467,0.003,1.414,0.008,Simbad,NED,182.63572,39.4058
07183,0.598,0.005,-1.897,0.069,9.545,0.127,0.947,0.161,0.321,0.003,0.404,0.007,0.708,0.004,1.414,0.012,Simbad,NED,182.76819,50.48468
07199,0.579,0.006,-2.103,0.129,11.119,0.528,1.19,0.116,0.301,0.004,0.328,0.004,0.514,0.005,1.414,0.022,Simbad,NED,183.03762,36.16808
07204,0.654,0.006,-1.348,0.035,8.67,0.473,1.345,0.383,0.192,0.005,0.716,0.003,0.594,0.005,1.414,0.018,Simbad,NED,183.089,29.20747
07222,0.688,0.004,-1.198,0.069,8.683,0.243,1.709,0.455,0.202,0.003,0.767,0.002,0.627,0.005,1.368,0.024,Simbad,NED,183.32025,43.69827
07232,0.63,0.003,-0.589,0.002,12.097,0.143,1.793,0.035,0.391,0.002,0.781,0.0,0.777,0.001,1.404,0.005,Simbad,NED,183.43399,36.63127
07256,0.552,0.003,-0.501,0.012,7.309,0.162,1.046,0.04,0.215,0.002,0.205,0.004,0.672,0.003,1.414,0.008,Simbad,NED,183.77093,33.19724
07261,0.551,0.003,-1.069,0.02,5.091,0.138,0.559,0.103,0.138,0.003,0.138,0.006,0.391,0.004,1.414,0.013,Simbad,NED,183.80983,20.65908
07278,,,,,,,,,,,,,,,,,Simbad,NED,183.91322,36.32689
07323,0.531,0.004,-0.938,0.019,4.989,0.135,0.74,0.101,0.172,0.003,0.255,0.003,0.454,0.008,1.414,0.014,Simbad,NED,184.3755,45.61919
07321,0.695,0.003,-1.241,0.024,7.871,0.151,0.838,0.399,0.092,0.002,0.708,0.002,0.635,0.004,1.352,0.031,Simbad,NED,184.39175,22.53982
07329,,,,,,,,,,,,,,,,,Simbad,NED,184.35959,70.80261
07353,,,,,,,,,,,,,,,,,Simbad,NED,184.74008,47.30372
07399,0.605,0.005,-1.781,0.052,9.268,0.225,1.084,0.226,0.253,0.003,0.381,0.005,0.495,0.003,1.381,0.017,Simbad,NED,185.15883,46.29102
07408,0.554,0.004,-1.608,0.054,8.374,0.607,1.187,0.056,0.307,0.007,0.257,0.016,0.573,0.004,1.414,0.021,Simbad,NED,185.31362,45.81169
07483,0.705,0.005,-1.469,0.08,8.312,0.26,1.467,0.467,0.158,0.002,0.344,0.015,0.52,0.006,1.414,0.034,Simbad,NED,186.04608,31.52161
07489,0.562,0.011,-1.745,0.215,8.657,0.569,1.196,0.24,0.335,0.016,0.428,0.013,0.522,0.014,1.316,0.043,Simbad,NED,186.15085,39.38298
07490,0.528,0.005,-1.271,0.023,6.43,0.168,1.78,0.115,0.402,0.003,0.053,0.007,0.506,0.003,1.397,0.01,Simbad,NED,186.10346,70.33414
07506,0.612,0.009,-0.789,0.048,22.829,1.016,1.628,0.059,0.419,0.012,0.893,0.002,0.85,0.002,1.368,0.023,Simbad,NED,186.30005,54.50613
07524,0.465,0.002,-0.999,0.011,5.521,0.097,0.601,0.06,0.097,0.001,0.244,0.001,0.438,0.003,1.403,0.005,Simbad,NED,186.45384,33.54675
07559,0.622,0.002,-0.966,0.04,18.94,0.179,1.137,0.228,0.208,0.002,0.849,0.001,0.848,0.001,1.414,0.014,Simbad,NED,186.77,37.14417
07577,0.562,0.003,-0.696,0.001,0.633,0.004,2.0,0.0,0.171,0.002,0.13,0.006,0.566,0.002,1.407,0.006,Simbad,NED,186.92446,43.49425
07584,0.677,0.005,-0.648,0.002,1.079,0.01,2.0,0.0,0.135,0.002,0.81,0.002,0.735,0.001,1.414,0.0,Simbad,NED,187.01212,22.58775
07592,0.515,0.002,-1.224,0.013,11.338,0.055,1.239,0.012,0.327,0.001,0.245,0.001,0.624,0.001,1.136,0.005,Simbad,NED,187.04632,44.09356
07599,0.622,0.003,-0.624,0.008,15.138,0.296,2.0,0.0,0.208,0.003,0.849,0.0,0.75,0.001,1.414,0.0,Simbad,NED,187.11762,37.23358
07603,0.677,0.004,-2.55,0.094,10.895,0.377,0.917,0.35,0.135,0.004,0.81,0.002,0.838,0.001,1.414,0.022,Simbad,NED,187.18383,22.8215
07608,0.562,0.003,-1.225,0.053,5.489,0.105,1.503,0.138,0.171,0.004,0.13,0.006,0.419,0.005,1.414,0.014,Simbad,NED,187.18517,43.22578
07648,0.711,0.003,-1.274,0.029,7.168,0.251,1.587,0.08,0.197,0.001,0.598,0.001,0.612,0.002,1.397,0.008,Simbad,NED,187.62964,41.70117
07651,0.711,0.002,-2.065,0.036,11.183,0.101,1.09,0.017,0.197,0.001,0.598,0.002,0.602,0.002,1.408,0.011,Simbad,NED,187.65296,41.64072
07690,0.619,0.004,-1.552,0.093,7.854,0.161,0.93,0.11,0.251,0.003,0.172,0.007,0.446,0.01,1.414,0.021,Simbad,NED,188.11279,42.70461
07704,0.698,0.009,-2.038,0.291,11.195,1.348,0.872,0.238,0.21,0.014,0.295,0.012,0.445,0.006,1.414,0.048,Simbad,NED,188.27708,32.09093
07766,0.55,0.002,-1.202,0.016,7.048,0.026,0.528,0.023,0.097,0.001,0.612,0.001,0.504,0.002,1.414,0.008,Simbad,NED,188.99037,27.95976
07774,,,,,,,,,,,,,,,,,Simbad,NED,189.09583,40.00511
07831,0.632,0.006,-1.546,0.09,8.52,0.12,1.249,0.254,0.32,0.006,0.169,0.005,0.446,0.004,1.414,0.023,Simbad,NED,189.99742,61.60919
07853,0.521,0.002,-1.96,0.043,11.362,0.224,1.657,0.045,0.203,0.001,0.513,0.001,0.617,0.003,1.414,0.004,Simbad,NED,190.38684,41.15076
07861,0.521,0.003,-0.571,0.004,8.234,0.162,1.835,0.049,0.203,0.002,0.513,0.002,0.699,0.001,1.414,0.004,Simbad,NED,190.46959,41.27372
07866,0.529,0.005,-1.125,0.047,5.72,0.158,0.698,0.154,0.205,0.003,0.199,0.004,0.418,0.007,1.414,0.021,Simbad,NED,190.56325,38.50328
07916,0.629,0.005,-1.279,0.109,6.905,0.453,1.249,0.488,0.121,0.002,0.493,0.004,0.501,0.008,1.414,0.03,Simbad,NED,191.10475,34.38653
07917,0.469,0.008,-1.106,0.093,6.777,0.382,2.0,0.0,0.455,0.023,0.554,0.009,0.519,0.009,1.399,0.01,Simbad,NED,191.10924,37.12132
07949,0.568,0.004,-1.465,0.063,6.77,0.296,0.862,0.175,0.15,0.002,0.173,0.004,0.441,0.006,1.374,0.021,Simbad,NED,191.74867,36.47611
07971,0.588,0.004,-1.13,0.054,5.716,0.132,1.301,0.312,0.251,0.005,0.068,0.006,0.425,0.008,1.414,0.025,Simbad,NED,192.09575,51.16608
07989,0.482,0.004,-0.316,0.016,13.668,0.124,1.315,0.042,0.361,0.008,0.811,0.001,0.882,0.001,1.414,0.005,Simbad,NED,192.61089,25.50076
08146,0.669,0.005,-1.301,0.056,8.445,0.191,0.941,0.264,0.259,0.005,0.677,0.003,0.575,0.005,1.375,0.02,Simbad,NED,195.53204,58.69867
08188,0.582,0.003,-1.075,0.026,5.58,0.195,0.841,0.036,0.147,0.003,0.088,0.003,0.441,0.005,1.384,0.017,Simbad,NED,196.45637,37.60453
08201,0.586,0.004,-1.247,0.036,6.856,0.233,1.117,0.079,0.317,0.003,0.162,0.004,0.454,0.003,1.383,0.015,Simbad,NED,196.60354,67.70694
08246,0.633,0.004,-1.722,0.119,8.998,0.314,0.925,0.241,0.186,0.006,0.7,0.003,0.707,0.004,1.414,0.028,Simbad,NED,197.51875,34.18093
08254,0.661,0.004,-0.774,0.017,4.758,0.042,2.0,0.0,0.341,0.005,0.259,0.007,0.753,0.002,1.414,0.0,Simbad,NED,197.6591,36.63422
08271,0.661,0.005,-0.456,0.007,18.757,0.282,1.668,0.087,0.341,0.005,0.259,0.008,0.861,0.001,1.353,0.01,Simbad,NED,197.87999,36.28212
08286,0.743,0.005,-1.481,0.037,9.125,0.152,0.877,0.259,0.148,0.002,0.627,0.003,0.615,0.004,1.385,0.015,Simbad,NED,198.04916,44.03802
08303,,,,,,,,,,,,,,,,,Simbad,NED,198.32454,36.21422
08314,,,,,,,,,,,,,,,,,Simbad,NED,198.50429,36.31833
08331,0.554,0.006,-1.172,0.026,8.378,0.48,1.299,0.131,0.364,0.005,0.494,0.005,0.576,0.009,1.39,0.016,Simbad,NED,198.8745,47.49961
08396,0.627,0.004,-0.74,0.01,13.872,0.386,1.713,0.045,0.218,0.001,0.798,0.001,0.762,0.001,1.395,0.01,Simbad,NED,200.35529,38.53638
08403,0.627,0.003,-0.596,0.025,16.386,0.231,2.0,0.0,0.218,0.003,0.798,0.001,0.812,0.002,1.414,0.0,Simbad,NED,200.48543,38.73451
08490,0.53,0.002,-1.628,0.019,8.104,0.068,0.911,0.028,0.312,0.003,0.232,0.003,0.467,0.002,1.414,0.01,Simbad,NED,202.40212,58.41873
08508,0.657,0.007,-1.833,0.104,9.671,0.527,0.984,0.242,0.221,0.003,0.329,0.007,0.469,0.007,1.414,0.025,Simbad,NED,202.68467,54.911
08550,0.663,0.007,-1.63,0.131,8.75,0.517,0.979,0.417,0.212,0.005,0.461,0.004,0.549,0.005,1.353,0.025,Simbad,NED,203.5118,47.91547
08651,0.526,0.006,-1.308,0.032,6.594,0.16,0.782,0.229,0.171,0.005,0.361,0.003,0.436,0.011,1.414,0.02,Simbad,NED,204.97396,40.74036
08683,0.559,0.008,-1.245,0.11,6.245,0.164,0.883,0.161,0.249,0.006,0.145,0.007,0.443,0.015,1.414,0.026,Simbad,NED,205.6355,39.6585
08699,0.693,0.005,-0.578,0.027,18.647,0.211,2.0,0.0,0.199,0.004,0.845,0.002,0.831,0.004,1.414,0.006,Simbad,NED,206.28612,41.5033
08700,0.693,0.006,-0.926,0.057,19.171,0.489,2.0,0.0,0.199,0.009,0.845,0.001,0.842,0.003,1.414,0.0,Simbad,NED,206.32971,41.71234
08709,0.581,0.004,-1.303,0.035,7.937,0.351,0.999,0.247,0.218,0.005,0.486,0.009,0.509,0.006,1.414,0.015,Simbad,NED,206.59872,43.87204
08711,0.627,0.008,-1.478,0.083,9.297,0.338,0.807,0.274,0.279,0.011,0.578,0.006,0.518,0.005,1.414,0.017,Simbad,NED,206.60254,46.10741
08805,0.477,0.007,-1.32,0.041,6.864,0.229,1.224,0.078,0.352,0.004,0.28,0.006,0.484,0.003,1.385,0.014,Simbad,NED,208.32439,33.49076
08837,0.66,0.004,-1.179,0.079,7.913,0.447,0.896,0.162,0.234,0.004,0.498,0.006,0.547,0.01,1.414,0.028,Simbad,NED,208.69067,53.90075
08863,0.557,0.005,-1.074,0.029,5.43,0.173,0.814,0.146,0.142,0.013,0.476,0.007,0.484,0.003,1.414,0.015,Simbad,NED,209.06946,47.23556
08900,0.584,0.009,-1.354,0.097,7.951,0.557,1.617,0.117,0.352,0.016,0.358,0.01,0.506,0.013,1.414,0.024,Simbad,NED,209.65808,37.42458
09018,0.499,0.002,-0.605,0.001,3.897,0.039,1.973,0.004,0.314,0.001,0.254,0.001,0.626,0.001,1.346,0.005,Simbad,NED,211.38792,54.46111
09128,0.668,0.006,-2.004,0.194,10.006,0.459,1.688,0.185,0.169,0.003,0.17,0.003,0.441,0.007,1.414,0.029,Simbad,NED,213.98625,23.0545
09133,0.517,0.003,-1.641,0.042,7.707,0.103,0.632,0.023,0.091,0.005,0.44,0.004,0.469,0.004,1.389,0.014,Simbad,NED,214.03213,35.34372
09211,0.533,0.005,-1.422,0.057,7.184,0.182,0.786,0.2,0.266,0.004,0.329,0.007,0.448,0.006,1.378,0.02,Simbad,NED,215.63375,45.38333
09242,0.646,0.007,-1.246,0.048,7.825,0.482,1.996,0.006,0.24,0.005,0.674,0.004,0.618,0.004,1.414,0.007,Simbad,NED,216.33813,39.53931
09366,0.556,0.004,-1.967,0.316,7.024,0.39,1.936,0.173,0.347,0.012,0.732,0.006,0.843,0.005,1.414,0.015,Simbad,NED,218.19522,49.45781
09431,0.604,0.004,-1.571,0.087,9.187,0.395,1.782,0.29,0.315,0.011,0.735,0.006,0.548,0.006,1.371,0.023,Simbad,NED,219.5481,46.63836
09632,0.605,0.008,-0.883,0.022,20.079,0.578,2.0,0.0,0.199,0.007,0.736,0.003,0.718,0.002,1.414,0.001,Simbad,NED,224.48465,53.78489
09642,0.605,0.006,-0.632,0.031,5.737,0.358,2.0,0.0,0.199,0.009,0.736,0.003,0.698,0.005,1.41,0.002,Simbad,NED,224.66592,53.88612
09644,0.639,0.009,-1.269,0.14,6.048,0.6,0.65,0.262,0.194,0.015,0.166,0.02,0.394,0.013,1.414,0.038,Simbad,NED,224.89319,27.11629
09648,0.605,0.004,-0.533,0.034,18.371,0.38,1.32,0.227,0.199,0.007,0.736,0.003,0.839,0.003,1.414,0.0,Simbad,NED,224.74884,53.92317
09649,0.516,0.004,-1.301,0.035,7.04,0.095,1.112,0.134,0.422,0.006,0.37,0.005,0.476,0.004,1.414,0.013,Simbad,NED,224.44125,71.68153
09753,0.624,0.004,-1.337,0.034,8.066,0.248,1.055,0.107,0.347,0.004,0.383,0.004,0.508,0.003,1.378,0.007,Simbad,NED,227.4448,57.00021
09797,0.501,0.008,-0.475,0.035,7.212,0.32,1.29,0.051,0.417,0.005,0.685,0.005,0.811,0.002,1.393,0.012,Simbad,NED,228.84718,55.51711
09805,0.498,0.005,-0.925,0.018,14.97,0.25,1.987,0.011,0.434,0.005,0.78,0.002,0.611,0.003,1.414,0.003,Simbad,NED,229.18008,55.40925
09858,0.577,0.006,-1.737,0.118,9.039,0.221,1.045,0.255,0.31,0.01,0.422,0.008,0.664,0.004,1.373,0.023,Simbad,NED,231.67284,40.5644
09969,0.514,0.006,-1.306,0.054,6.275,0.133,1.177,0.163,0.406,0.007,0.183,0.024,0.566,0.003,1.39,0.013,Simbad,NED,234.90454,59.33195
09992,0.558,0.006,-1.508,0.088,7.33,0.151,1.27,0.21,0.381,0.006,0.071,0.018,0.433,0.005,1.376,0.02,Simbad,NED,235.45004,67.25389
10227,0.6,0.011,-1.329,0.152,7.699,0.37,1.985,0.01,0.424,0.017,0.138,0.021,0.489,0.008,1.399,0.012,Simbad,NED,242.24306,36.61083
10310,0.529,0.007,-1.146,0.051,5.445,0.158,0.813,0.128,0.24,0.006,0.147,0.012,0.422,0.007,1.414,0.02,Simbad,NED,244.07637,47.04575
10359,0.53,0.002,-1.285,0.015,6.906,0.135,0.948,0.029,0.315,0.003,0.181,0.004,0.459,0.003,1.393,0.011,Simbad,NED,245.24234,65.39055
10445,0.509,0.004,-1.376,0.055,6.822,0.121,0.946,0.217,0.22,0.006,0.306,0.006,0.43,0.006,1.414,0.017,Simbad,NED,248.4466,28.98388
10448,0.679,0.008,-1.079,0.143,7.076,0.762,1.827,0.3,0.179,0.018,0.106,0.038,0.537,0.029,1.414,0.04,Simbad,NED,248.60619,21.54084
10470,0.492,0.003,-1.09,0.026,5.83,0.101,1.04,0.027,0.448,0.006,0.039,0.008,0.454,0.004,1.389,0.012,Simbad,NED,248.1634,78.19821
10497,0.548,0.006,-0.965,0.035,11.121,0.63,2.0,0.0,0.43,0.007,0.575,0.004,0.657,0.004,1.409,0.005,Simbad,NED,249.19925,72.4039
10502,0.548,0.007,-0.537,0.022,10.403,0.368,1.696,0.132,0.43,0.008,0.575,0.004,0.748,0.004,1.414,0.012,Simbad,NED,249.40687,72.37481
10546,,,,,,,,,,,,,,,,,Simbad,NED,251.14457,70.78027
10564,0.615,0.004,-0.96,0.083,9.137,0.237,1.104,0.145,0.301,0.006,0.8,0.003,0.901,0.001,1.407,0.015,Simbad,NED,251.59517,70.35506
10713,,,,,,,,,,,,,,,,,Simbad,NED,256.14139,72.44653
10757,0.497,0.01,-0.596,0.018,7.914,0.145,2.0,0.0,0.57,0.01,0.904,0.001,0.703,0.005,1.414,0.0,Simbad,NED,257.55512,72.41074
10769,0.497,0.007,-0.598,0.02,15.168,0.517,2.0,0.0,0.57,0.007,0.904,0.001,0.707,0.006,1.414,0.0,Simbad,NED,257.88895,72.40202
10791,0.497,0.009,-0.946,0.101,19.735,0.182,1.696,0.169,0.57,0.012,0.904,0.001,0.761,0.005,1.411,0.019,Simbad,NED,258.66217,72.39844
10897,0.555,0.005,-1.389,0.063,7.191,0.105,1.063,0.088,0.389,0.004,0.162,0.007,0.459,0.009,1.414,0.017,Simbad,NED,262.40634,75.70433
11124,0.516,0.006,-1.097,0.028,5.682,0.267,0.826,0.103,0.264,0.007,0.208,0.007,0.427,0.008,1.372,0.023,Simbad,NED,271.86512,35.56419
11218,0.528,0.007,-1.33,0.068,7.622,0.24,1.039,0.1,0.437,0.012,0.21,0.011,0.479,0.007,1.38,0.02,Simbad,NED,274.94321,74.5684
11269,0.645,0.004,-1.596,0.086,8.328,0.335,1.111,0.112,0.201,0.003,0.23,0.008,0.49,0.004,1.362,0.025,Simbad,NED,277.6659,67.98705
11283,0.637,0.007,-2.2,0.198,12.918,0.627,1.146,0.19,0.368,0.006,0.633,0.004,0.717,0.005,1.364,0.025,Simbad,NED,278.46905,49.27857
11300,,,,,,,,,,,,,,,,,Simbad,NED,278.70935,70.52389
11429,0.553,0.009,-1.381,0.095,6.749,0.306,1.686,0.165,0.38,0.012,0.268,0.016,0.462,0.007,1.414,0.021,Simbad,NED,290.2392,43.13256
11466,0.574,0.004,-1.98,0.043,9.983,0.121,1.156,0.115,0.356,0.004,0.272,0.004,0.485,0.004,1.378,0.01,Simbad,NED,295.74484,45.29813
11496,0.536,0.01,-1.243,0.063,6.053,0.375,2.0,0.039,0.471,0.004,0.222,0.015,0.496,0.009,1.407,0.01,Simbad,NED,298.25846,67.665
11557,,,,,,,,,,,,,,,,,Simbad,NED,306.00346,60.19478
11670,0.67,0.004,-1.307,0.044,8.231,0.278,0.902,0.302,0.155,0.005,0.6,0.004,0.507,0.003,1.372,0.019,Simbad,NED,315.89005,29.89735
11707,,,,,,,,,,,,,,,,,Simbad,NED,318.63229,26.73458
11852,0.597,0.005,-1.418,0.045,6.903,0.104,0.516,0.167,0.071,0.005,0.473,0.005,0.47,0.006,1.368,0.022,Simbad,NED,328.9971,27.89839
11861,0.535,0.005,-1.033,0.021,5.151,0.092,1.293,0.171,0.324,0.002,0.3,0.005,0.459,0.004,1.381,0.016,Simbad,NED,329.10062,73.26092
11864,0.606,0.007,-1.216,0.119,6.3,0.209,0.755,0.125,0.227,0.008,0.318,0.008,0.423,0.009,1.414,0.031,Simbad,NED,329.47818,42.30618
11891,0.539,0.003,-1.124,0.02,5.648,0.079,1.626,0.18,0.175,0.002,0.293,0.003,0.436,0.004,1.392,0.01,Simbad,NED,330.89083,43.74917
11909,0.685,0.005,-1.24,0.117,7.914,0.651,0.851,0.298,0.27,0.005,0.31,0.004,0.479,0.006,1.339,0.036,Simbad,NED,331.56732,47.2512
11914,0.55,0.007,-0.815,0.016,3.726,0.418,0.457,0.343,0.144,0.01,0.052,0.011,0.462,0.007,1.414,0.021,Simbad,NED,331.9682,31.35926
11951,0.595,0.008,-2.565,0.196,22.098,0.383,1.594,0.124,0.293,0.004,0.897,0.0,0.737,0.002,1.386,0.02,Simbad,NED,333.12549,45.32845
11994,0.61,0.014,-1.335,0.175,7.971,0.666,1.469,0.167,0.291,0.035,0.504,0.028,0.486,0.012,1.414,0.035,Simbad,NED,335.22135,33.29538
12043,0.66,0.006,-1.929,0.149,8.952,0.436,0.444,0.383,0.139,0.005,0.556,0.005,0.483,0.005,1.347,0.033,Simbad,NED,336.96051,29.09599
12060,0.505,0.004,-1.314,0.053,6.906,0.132,0.799,0.057,0.232,0.003,0.244,0.006,0.421,0.004,1.386,0.014,Simbad,NED,337.64042,33.82083
12082,0.555,0.004,-1.278,0.044,6.118,0.084,1.069,0.262,0.178,0.004,0.187,0.003,0.405,0.004,1.383,0.015,Simbad,NED,338.54542,32.86131
12212,0.528,0.007,-1.248,0.049,5.881,0.148,1.554,0.316,0.215,0.005,0.151,0.004,0.398,0.008,1.414,0.016,Simbad,NED,342.62637,29.13844
12276,0.614,0.007,-0.696,0.003,0.271,0.006,2.0,0.0,0.237,0.013,0.09,0.017,0.613,0.006,1.414,0.0,Simbad,NED,344.63565,35.80241
12554,0.689,0.001,-1.087,0.021,8.326,0.07,0.485,0.169,0.079,0.001,0.745,0.0,0.632,0.002,1.414,0.012,Simbad,NED,350.52743,40.84543
12632,0.489,0.003,-1.057,0.012,5.424,0.161,1.168,0.157,0.174,0.003,0.276,0.003,0.421,0.004,1.414,0.01,Simbad,NED,352.49492,40.99033
12693,0.741,0.005,-1.715,0.173,9.354,0.749,1.972,0.052,0.306,0.008,0.588,0.008,0.542,0.01,1.414,0.006,Simbad,NED,353.93176,32.38507
12713,0.673,0.009,-2.222,0.276,11.687,0.555,0.983,0.305,0.183,0.006,0.526,0.005,0.49,0.007,1.346,0.024,Simbad,NED,354.56149,30.70923
12732,0.462,0.003,-1.032,0.014,5.092,0.055,0.575,0.037,0.14,0.002,0.172,0.003,0.388,0.003,1.396,0.01,Simbad,NED,355.1665,26.23606
12754,0.594,0.003,-1.19,0.037,5.628,0.349,0.633,0.231,0.124,0.004,0.377,0.003,0.433,0.006,1.414,0.019,Simbad,NED,355.97656,26.07557
